{
    "auc": 0.4771722722175008,
    "precision": 0.07214206437291898,
    "recall": 0.4421768707482993,
    "f1": 0.12404580152671754,
    "confusion_matrix": [
        [
            917,
            836
        ],
        [
            82,
            65
        ]
    ]
}