{
    "best_model_name": "logistic_regression",
    "best_metrics": {
        "auc": 0.4771722722175008,
        "precision": 0.07214206437291898,
        "recall": 0.4421768707482993,
        "f1": 0.12404580152671754,
        "confusion_matrix": [
            [
                917,
                836
            ],
            [
                82,
                65
            ]
        ]
    },
    "all_models": {
        "logistic_regression": {
            "auc": 0.4771722722175008,
            "precision": 0.07214206437291898,
            "recall": 0.4421768707482993,
            "f1": 0.12404580152671754,
            "confusion_matrix": [
                [
                    917,
                    836
                ],
                [
                    82,
                    65
                ]
            ]
        },
        "random_forest": {
            "auc": 0.4601363648711053,
            "precision": 0.06451612903225806,
            "recall": 0.23129251700680273,
            "f1": 0.10089020771513355,
            "confusion_matrix": [
                [
                    1260,
                    493
                ],
                [
                    113,
                    34
                ]
            ]
        }
    },
    "selection_criteria": "auc",
    "selected_timestamp": "2025-11-09 08:29:44",
    "feature_columns": [
        "avg_loan_amount",
        "total_loan_amount",
        "num_loans",
        "avg_interest_rate",
        "avg_monthly_payment",
        "avg_loan_age_days",
        "credit_score",
        "income",
        "debt_to_income",
        "utilization_rate",
        "num_credit_accounts",
        "age",
        "employment_length_years"
    ],
    "n_features": 13
}