{
    "auc": 0.4601363648711053,
    "precision": 0.06451612903225806,
    "recall": 0.23129251700680273,
    "f1": 0.10089020771513355,
    "confusion_matrix": [
        [
            1260,
            493
        ],
        [
            113,
            34
        ]
    ]
}